{"obj_bbox": [[0.0, 0.0, 1.0, 1.0], [0.0, 0.518750011920929, 1.0, 0.8708333373069763], [0.0, 0.06041666492819786, 1.0, 0.637499988079071], [0.0, 0.0, 1.0, 0.4270833432674408], [0.0, 0.48750001192092896, 1.0, 1.0], [0.5397031307220459, 0.36127084493637085, 0.6536718606948853, 0.7475416660308838], [0.0, 0.0, 0.0, 0.0], [0.0, 0.0, 0.0, 0.0], [0.0, 0.0, 0.0, 0.0], [0.0, 0.0, 0.0, 0.0]], "obj_class": [0, 144, 96, 120, 140, 1, 184, 184, 184, 184], "is_valid_obj": [1.0, 1.0, 1.0, 1.0, 1.0, 1.0, 0.0, 0.0, 0.0, 0.0], "filename": "000000087038", "width": 640, "height": 480, "num_obj": 5, "num_selected": 5, "obj_class_name": ["__image__", "platform", "building-other", "fog", "pavement", "person", "__null__", "__null__", "__null__", "__null__"]}