{"obj_bbox": [[0.0, 0.0, 1.0, 1.0], [0.30000001192092896, 0.5186915993690491, 0.5296875238418579, 0.7242990732192993], [0.7975624799728394, 0.40016356110572815, 0.9907811880111694, 0.9042757153511047], [0.05000000074505806, 0.0, 0.778124988079071, 0.8574766516685486], [0.0, 0.7593457698822021, 1.0, 1.0], [0.015296874567866325, 0.3903270959854126, 0.20582811534404755, 0.9194158911705017], [0.5098124742507935, 0.4078504741191864, 0.6211249828338623, 0.8687149286270142], [0.2593750059604645, 0.0, 0.8343750238418579, 0.9485981464385986], [0.0, 0.0, 1.0, 0.9579439163208008], [0.0, 0.0, 0.0, 0.0]], "obj_class": [0, 105, 1, 173, 140, 1, 1, 132, 96, 184], "is_valid_obj": [1.0, 1.0, 1.0, 1.0, 1.0, 1.0, 1.0, 1.0, 1.0, 0.0], "filename": "000000252219", "width": 640, "height": 428, "num_obj": 8, "num_selected": 8, "obj_class_name": ["__image__", "clothes", "person", "wall-other", "pavement", "person", "person", "metal", "building-other", "__null__"]}