{"obj_bbox": [[0.0, 0.0, 1.0, 1.0], [0.0, 0.0, 0.848437488079071, 0.27319586277008057], [0.0, 0.0, 1.0, 0.5412371158599854], [0.0, 0.23711340129375458, 1.0, 1.0], [0.29334375262260437, 0.01505154650658369, 0.7783437967300415, 0.9956958293914795], [0.109375, 0.20876288414001465, 1.0, 0.9510309100151062], [0.7907031178474426, 0.06510309129953384, 1.0, 0.35368555784225464], [0.0, 0.0, 0.0, 0.0], [0.0, 0.0, 0.0, 0.0], [0.0, 0.0, 0.0, 0.0]], "obj_class": [0, 96, 169, 140, 2, 149, 8, 184, 184, 184], "is_valid_obj": [1.0, 1.0, 1.0, 1.0, 1.0, 1.0, 1.0, 0.0, 0.0, 0.0], "filename": "000000174482", "width": 640, "height": 388, "num_obj": 6, "num_selected": 6, "obj_class_name": ["__image__", "building-other", "tree", "pavement", "bicycle", "road", "truck", "__null__", "__null__", "__null__"]}