{"obj_bbox": [[0.0, 0.0, 1.0, 1.0], [0.4378688633441925, 0.737234354019165, 0.6736299991607666, 0.824874997138977], [0.10772833973169327, 0.6796875, 0.9648711681365967, 1.0], [0.3138173222541809, 0.65625, 1.0, 0.910937488079071], [0.0, 0.0, 1.0, 0.9984375238418579], [0.47072598338127136, 0.0, 1.0, 0.23749999701976776], [0.0, 0.12812499701976776, 0.49180328845977783, 0.745312511920929], [0.0, 0.0, 0.0, 0.0], [0.0, 0.0, 0.0, 0.0], [0.0, 0.0, 0.0, 0.0]], "obj_class": [0, 70, 117, 143, 176, 181, 123, 184, 184, 184], "is_valid_obj": [1.0, 1.0, 1.0, 1.0, 1.0, 1.0, 1.0, 0.0, 0.0, 0.0], "filename": "000000006818", "width": 427, "height": 640, "num_obj": 6, "num_selected": 6, "obj_class_name": ["__image__", "toilet", "floor-tile", "plastic", "wall-tile", "window-other", "furniture-other", "__null__", "__null__", "__null__"]}