{"obj_bbox": [[0.0, 0.0, 1.0, 1.0], [0.2280000001192093, 0.14420804381370544, 0.5699999928474426, 0.9172576665878296], [0.0, 0.8747044801712036, 0.8379999995231628, 0.9479905366897583], [0.6657999753952026, 0.7197399735450745, 0.7985799908638, 0.9103073477745056], [0.0, 0.028368793427944183, 1.0, 0.9598108530044556], [0.27399998903274536, 0.6713948249816895, 0.4860000014305115, 0.8983451724052429], [0.007960000075399876, 0.6847044825553894, 0.2488200068473816, 0.9294090270996094], [0.0, 0.0, 0.0, 0.0], [0.0, 0.0, 0.0, 0.0], [0.0, 0.0, 0.0, 0.0]], "obj_class": [0, 112, 116, 64, 172, 126, 64, 184, 184, 184], "is_valid_obj": [1.0, 1.0, 1.0, 1.0, 1.0, 1.0, 1.0, 0.0, 0.0, 0.0], "filename": "000000502136", "width": 500, "height": 423, "num_obj": 6, "num_selected": 6, "obj_class_name": ["__image__", "door-stuff", "floor-stone", "potted plant", "wall-concrete", "ground-other", "potted plant", "__null__", "__null__", "__null__"]}