{"obj_bbox": [[0.0, 0.0, 1.0, 1.0], [0.0, 0.0, 1.0, 1.0], [0.04531250149011612, 0.03400000184774399, 0.973437488079071, 0.972000002861023], [0.20528125762939453, 0.6230000257492065, 0.4475937485694885, 0.7980599999427795], [0.0, 0.0, 0.0, 0.0], [0.0, 0.0, 0.0, 0.0], [0.0, 0.0, 0.0, 0.0], [0.0, 0.0, 0.0, 0.0], [0.0, 0.0, 0.0, 0.0], [0.0, 0.0, 0.0, 0.0]], "obj_class": [0, 172, 123, 51, 184, 184, 184, 184, 184, 184], "is_valid_obj": [1.0, 1.0, 1.0, 1.0, 0.0, 0.0, 0.0, 0.0, 0.0, 0.0], "filename": "000000184791", "width": 640, "height": 500, "num_obj": 3, "num_selected": 3, "obj_class_name": ["__image__", "wall-concrete", "furniture-other", "bowl", "__null__", "__null__", "__null__", "__null__", "__null__", "__null__"]}