{"obj_bbox": [[0.0, 0.0, 1.0, 1.0], [0.6666666865348816, 0.11016949266195297, 1.0, 0.31073445081710815], [0.30790960788726807, 0.23728813230991364, 0.9491525292396545, 0.8135592937469482], [0.6412429213523865, 0.18926553428173065, 0.9350282549858093, 0.3672316372394562], [0.0, 0.7711864113807678, 0.3050847351551056, 0.8615819215774536], [0.0028248587623238564, 0.2881355881690979, 0.7457627058029175, 0.8163841962814331], [0.5395480394363403, 0.7824859023094177, 0.7598869800567627, 0.8841807842254639], [0.5423728823661804, 0.8418079018592834, 0.7514124512672424, 0.8898305296897888], [0.0, 0.0, 0.0, 0.0], [0.0, 0.0, 0.0, 0.0], [0.0, 0.0, 0.0, 0.0], [0.0, 0.0, 0.0, 0.0], [0.0, 0.0, 0.0, 0.0], [0.0, 0.0, 0.0, 0.0], [0.0, 0.0, 0.0, 0.0], [0.0, 0.0, 0.0, 0.0], [0.0, 0.0, 0.0, 0.0], [0.0, 0.0, 0.0, 0.0]], "obj_class": [0, 29, 30, 31, 32, 33, 36, 37, 95, 95, 95, 95, 95, 95, 95, 95, 95, 95], "obj_class_name": ["__image__", "bird head leye reye beak", "bird torso", "bird neck", "bird lwing", "bird rwing", "bird rleg", "bird rfoot", "_null_", "_null_", "_null_", "_null_", "_null_", "_null_", "_null_", "_null_", "_null_", "_null_"], "is_valid_obj": [1.0, 1.0, 1.0, 1.0, 1.0, 1.0, 1.0, 1.0, 0.0, 0.0, 0.0, 0.0, 0.0, 0.0, 0.0, 0.0, 0.0, 0.0], "width": 1, "height": 1, "num_selected": 7, "num_add": 0, "num_obj": 6}