{"obj_bbox": [[0.0, 0.0, 1.0, 1.0], [0.47975078225135803, 0.0, 0.663551390171051, 0.09968847036361694], [0.4236760139465332, 0.04361370578408241, 0.7912772297859192, 0.5327102541923523], [0.4112149477005005, 0.23052959144115448, 0.47975078225135803, 0.37071651220321655], [0.7071651220321655, 0.20249220728874207, 0.8037382960319519, 0.2866043746471405], [0.1993769407272339, 0.47663551568984985, 0.604361355304718, 1.0], [0.0, 0.0, 0.0, 0.0], [0.0, 0.0, 0.0, 0.0], [0.0, 0.0, 0.0, 0.0], [0.0, 0.0, 0.0, 0.0], [0.0, 0.0, 0.0, 0.0], [0.0, 0.0, 0.0, 0.0], [0.0, 0.0, 0.0, 0.0], [0.0, 0.0, 0.0, 0.0], [0.0, 0.0, 0.0, 0.0], [0.0, 0.0, 0.0, 0.0], [0.0, 0.0, 0.0, 0.0], [0.0, 0.0, 0.0, 0.0]], "obj_class": [0, 29, 30, 32, 33, 38, 95, 95, 95, 95, 95, 95, 95, 95, 95, 95, 95, 95], "obj_class_name": ["__image__", "bird head leye reye beak", "bird torso", "bird lwing", "bird rwing", "bird tail", "_null_", "_null_", "_null_", "_null_", "_null_", "_null_", "_null_", "_null_", "_null_", "_null_", "_null_", "_null_"], "is_valid_obj": [1.0, 1.0, 1.0, 1.0, 1.0, 1.0, 0.0, 0.0, 0.0, 0.0, 0.0, 0.0, 0.0, 0.0, 0.0, 0.0, 0.0, 0.0], "width": 1, "height": 1, "num_selected": 5, "num_add": 0, "num_obj": 4}