{"obj_bbox": [[0.0, 0.0, 1.0, 1.0], [0.52173912525177, 0.0, 0.8260869383811951, 0.1304347813129425], [0.30434781312942505, 0.11594203114509583, 0.7536231875419617, 0.8695651888847351], [0.5072463750839233, 0.15942029654979706, 0.695652186870575, 0.3333333432674408], [0.4492753744125366, 0.8550724387168884, 0.47826087474823, 0.9855072498321533], [0.5942028760910034, 0.7681159377098083, 0.6666666865348816, 1.0], [0.17391304671764374, 0.7971014380455017, 0.43478259444236755, 1.0], [0.0, 0.0, 0.0, 0.0], [0.0, 0.0, 0.0, 0.0], [0.0, 0.0, 0.0, 0.0], [0.0, 0.0, 0.0, 0.0], [0.0, 0.0, 0.0, 0.0], [0.0, 0.0, 0.0, 0.0], [0.0, 0.0, 0.0, 0.0], [0.0, 0.0, 0.0, 0.0], [0.0, 0.0, 0.0, 0.0], [0.0, 0.0, 0.0, 0.0], [0.0, 0.0, 0.0, 0.0]], "obj_class": [0, 29, 30, 31, 34, 36, 38, 95, 95, 95, 95, 95, 95, 95, 95, 95, 95, 95], "obj_class_name": ["__image__", "bird head leye reye beak", "bird torso", "bird neck", "bird lleg", "bird rleg", "bird tail", "_null_", "_null_", "_null_", "_null_", "_null_", "_null_", "_null_", "_null_", "_null_", "_null_", "_null_"], "is_valid_obj": [1.0, 1.0, 1.0, 1.0, 1.0, 1.0, 1.0, 0.0, 0.0, 0.0, 0.0, 0.0, 0.0, 0.0, 0.0, 0.0, 0.0, 0.0], "width": 1, "height": 1, "num_selected": 6, "num_add": 0, "num_obj": 5}