{"obj_bbox": [[0.0, 0.0, 1.0, 1.0], [0.4225352108478546, 0.0, 0.6056337952613831, 0.14788731932640076], [0.35915493965148926, 0.09859155118465424, 0.6408450603485107, 0.3309859037399292], [0.35915493965148926, 0.09859155118465424, 0.6197183132171631, 0.2112676054239273], [0.23239436745643616, 0.2042253464460373, 0.51408451795578, 0.9718309640884399], [0.4577464759349823, 0.23239436745643616, 0.7676056623458862, 1.0], [0.3309859037399292, 0.6619718074798584, 0.5422534942626953, 0.9647887349128723], [0.0, 0.0, 0.0, 0.0], [0.0, 0.0, 0.0, 0.0], [0.0, 0.0, 0.0, 0.0], [0.0, 0.0, 0.0, 0.0], [0.0, 0.0, 0.0, 0.0], [0.0, 0.0, 0.0, 0.0], [0.0, 0.0, 0.0, 0.0], [0.0, 0.0, 0.0, 0.0], [0.0, 0.0, 0.0, 0.0], [0.0, 0.0, 0.0, 0.0], [0.0, 0.0, 0.0, 0.0]], "obj_class": [0, 29, 30, 31, 32, 33, 38, 95, 95, 95, 95, 95, 95, 95, 95, 95, 95, 95], "obj_class_name": ["__image__", "bird head leye reye beak", "bird torso", "bird neck", "bird lwing", "bird rwing", "bird tail", "_null_", "_null_", "_null_", "_null_", "_null_", "_null_", "_null_", "_null_", "_null_", "_null_", "_null_"], "is_valid_obj": [1.0, 1.0, 1.0, 1.0, 1.0, 1.0, 1.0, 0.0, 0.0, 0.0, 0.0, 0.0, 0.0, 0.0, 0.0, 0.0, 0.0, 0.0], "width": 1, "height": 1, "num_selected": 6, "num_add": 0, "num_obj": 5}