{"obj_bbox": [[0.0, 0.0, 1.0, 1.0], [0.03895999863743782, 0.13707999885082245, 0.9168533682823181, 0.9797800183296204], [0.02133333310484886, 0.6159999966621399, 0.2160000056028366, 0.7300000190734863], [0.0, 0.0, 0.9706666469573975, 0.5059999823570251], [0.0, 0.6460000276565552, 1.0, 1.0], [0.0, 0.4959999918937683, 1.0, 0.6159999966621399], [0.0, 0.0, 1.0, 0.5820000171661377], [0.0, 0.0, 0.0, 0.0], [0.0, 0.0, 0.0, 0.0], [0.0, 0.0, 0.0, 0.0]], "obj_class": [0, 4, 105, 130, 115, 173, 102, 184, 184, 184], "is_valid_obj": [1.0, 1.0, 1.0, 1.0, 1.0, 1.0, 1.0, 0.0, 0.0, 0.0], "filename": "000000480985", "width": 375, "height": 500, "num_obj": 6, "num_selected": 6, "obj_class_name": ["__image__", "motorcycle", "clothes", "light", "floor-other", "wall-other", "ceiling-other", "__null__", "__null__", "__null__"]}