{"obj_bbox": [[0.0, 0.0, 1.0, 1.0], [0.0, 0.0, 0.9658119678497314, 0.5120000243186951], [0.07985755056142807, 0.5058200359344482, 0.9166666865348816, 0.9856599569320679], [0.0655270665884018, 0.4699999988079071, 0.9658119678497314, 0.9879999756813049], [0.1310541331768036, 0.7979999780654907, 0.8575498461723328, 1.0], [0.0, 0.04600000008940697, 1.0, 1.0], [0.045584045350551605, 0.7900000214576721, 0.9259259104728699, 1.0], [0.0, 0.052000001072883606, 0.5299145579338074, 0.5019999742507935], [0.1517094075679779, 0.122079998254776, 0.8584045171737671, 0.29089999198913574], [0.0, 0.0, 0.0, 0.0]], "obj_class": [0, 123, 70, 117, 152, 173, 105, 132, 81, 184], "is_valid_obj": [1.0, 1.0, 1.0, 1.0, 1.0, 1.0, 1.0, 1.0, 1.0, 0.0], "filename": "000000331352", "width": 351, "height": 500, "num_obj": 8, "num_selected": 8, "obj_class_name": ["__image__", "furniture-other", "toilet", "floor-tile", "rug", "wall-other", "clothes", "metal", "sink", "__null__"]}